"Date","Day","Week","Platform","Asset","Hook / title","Caption / description","Link"
"2026-10-12","Mon, Oct 12","1","TikTok (+ Reels, Shorts)","marketing/out/video/vertical-herbarium.mp4","This plant grew from a voicemail.","This plant grew from a voicemail. Every leaf is a second of their voice, root to tip.

Afterhum is open. Upload a voice memo, a saved voicemail or a video from your phone, and we turn its sound into a print you can keep.

#voicemail #grief #keepsake #personalizedgifts","Link in bio"
"2026-10-12","Mon, Oct 12","1","Facebook","marketing/out/video/vertical-herbarium.mp4 (post as a Reel)","","This plant grew from a voicemail. Every leaf is a second of their voice, root to tip.

Afterhum is open. Upload a voice memo, a saved voicemail or a video from your phone, and we turn its sound into a print you can keep.

https://DOMAIN/create?utm_source=facebook&utm_medium=social&utm_campaign=daily&utm_content=2026-10-12",""
"2026-10-12","Mon, Oct 12","1","Pinterest","marketing/out/daily/pins/2026-10-12.jpg","Voicemail memorial gift: their voice as a botanical keepsake print","Upload a saved voicemail and we grow it into a botanical print: every leaf drawn from their voice. A small code on the print plays the message again.","https://DOMAIN/voicemail-memorial-art?utm_source=pinterest&utm_medium=social&utm_campaign=daily&utm_content=2026-10-12"
"2026-10-13","Tue, Oct 13","1","TikTok (+ Reels, Shorts)","marketing/out/daily/video/2026-10-13-list.mp4","Sounds to record before they're grown.","Sounds to record before they're grown.

1. The first real laugh
2. A made-up song
3. How they say your name
4. Bedtime questions
5. ""I love you"" said slightly wrong

Save this for later. #parenting #newparents #keepsake","Link in bio"
"2026-10-13","Tue, Oct 13","1","Facebook","marketing/out/daily/video/2026-10-13-list.mp4 (post as a Reel)","","Sounds to record before they're grown.

1. The first real laugh
2. A made-up song
3. How they say your name
4. Bedtime questions
5. ""I love you"" said slightly wrong

https://DOMAIN/create?utm_source=facebook&utm_medium=social&utm_campaign=daily&utm_content=2026-10-13",""
"2026-10-13","Tue, Oct 13","1","Pinterest","marketing/out/daily/pins/2026-10-13.jpg","Wedding vows art made from your wedding video","We use the sound of your vows from the wedding video (never the footage) to make one-of-a-kind wall art, with a code that plays them again.","https://DOMAIN/wedding-vows-art?utm_source=pinterest&utm_medium=social&utm_campaign=daily&utm_content=2026-10-13"
"2026-10-14","Wed, Oct 14","1","TikTok (+ Reels, Shorts)","marketing/out/daily/video/2026-10-14-grow.mp4","This plant grew from a voicemail.","This plant grew from a voicemail. Each leaf's length is how loud that moment of the recording was, root to tip. Upload a voicemail, a voice note or a video, and we grow yours.

#herbarium #voicemail #keepsake #personalizedgifts","Link in bio"
"2026-10-14","Wed, Oct 14","1","Facebook","marketing/out/images/carousel-how-1.png → carousel-how-3.png","","How it works, in three slides.
1. Upload a memory: a voice memo, a saved voicemail, a wedding clip.
2. Make it yours: The Night Of or Herbarium, names, a date, a short line.
3. We print and frame it, and ship it free in the US.

Only the sound is used. Your video never leaves your phone.

Make yours: https://DOMAIN/create?utm_source=facebook&utm_medium=social&utm_campaign=daily&utm_content=2026-10-14",""
"2026-10-14","Wed, Oct 14","1","Pinterest","marketing/out/daily/pins/2026-10-14.jpg","First anniversary paper gift: the moon from your wedding night","The first anniversary is paper. This one is archival paper printed with the real moon from your wedding date, ringed by the sound of your vows.","https://DOMAIN/anniversary-sound-wave-gift?utm_source=pinterest&utm_medium=social&utm_campaign=daily&utm_content=2026-10-14"
"2026-10-15","Thu, Oct 15","1","TikTok (+ Reels, Shorts)","marketing/out/daily/video/2026-10-15-moon.mp4","This is the moon tonight.","The moon tonight, October 15, 2026: waxing crescent, about 18% lit.

If tonight becomes a night you remember, this is its moon forever. The Night Of draws the real moon for any date, ringed by the sound of your recording.

#moon #moonphase #thenightof #anniversarygift","Link in bio"
"2026-10-15","Thu, Oct 15","1","Facebook","marketing/out/daily/video/2026-10-15-moon.mp4 (post as a Reel)","","The moon tonight, October 15, 2026: waxing crescent, about 18% lit.

If tonight becomes a night you remember, this is its moon forever. The Night Of draws the real moon for any date, ringed by the sound of your recording.

https://DOMAIN/create?utm_source=facebook&utm_medium=social&utm_campaign=daily&utm_content=2026-10-15",""
"2026-10-15","Thu, Oct 15","1","Pinterest","marketing/out/daily/pins/2026-10-15.jpg","Moon phase anniversary gift: the night you met","The real moon phase for your date, ringed by a recording of your voices. A personalized anniversary print, framed and shipped.","https://DOMAIN/anniversary-sound-wave-gift?utm_source=pinterest&utm_medium=social&utm_campaign=daily&utm_content=2026-10-15"
"2026-10-16","Fri, Oct 16","1","TikTok (+ Reels, Shorts)","marketing/out/video/vertical-night-of.mp4","What did the moon look like the night you met?","What did the moon look like the night you met?

The Night Of draws the real moon for your date and rings it with the sound of your recording: your vows, a voice note, the video from that night.

#moonphase #anniversarygift #thenightwemet #personalizedgifts","Link in bio"
"2026-10-16","Fri, Oct 16","1","Facebook","marketing/out/video/vertical-night-of.mp4 (post as a Reel)","","What did the moon look like the night you met?

The Night Of draws the real moon for your date and rings it with the sound of your recording: your vows, a voice note, the video from that night.

https://DOMAIN/create?utm_source=facebook&utm_medium=social&utm_campaign=daily&utm_content=2026-10-16",""
"2026-10-16","Fri, Oct 16","1","Pinterest","marketing/out/daily/pins/2026-10-16.jpg","Baby heartbeat art from your ultrasound video","Upload the heartbeat from the scan video in your camera roll and we grow it into a botanical nursery print.","https://DOMAIN/gifts/first-baby-heartbeat-soundwave-art?utm_source=pinterest&utm_medium=social&utm_campaign=daily&utm_content=2026-10-16"
"2026-10-17","Sat, Oct 17","1","TikTok (+ Reels, Shorts)","marketing/out/daily/video/2026-10-17-list.mp4","Questions to ask your grandparents, and record.","Questions to ask your grandparents, and record.

1. How did you two meet?
2. What was your first job?
3. What did your house smell like?
4. What song takes you back?
5. What do you want us to remember?

Save this for later. #grandparents #familystories #keepsake","Link in bio"
"2026-10-17","Sat, Oct 17","1","Facebook","marketing/brag-output/brag.mp4","","Still have their voicemail? Afterhum turns the sound of it into a print you can hang: every leaf drawn from their voice, with a quiet code that plays it again.

Make yours: https://DOMAIN/create?utm_source=facebook&utm_medium=social&utm_campaign=daily&utm_content=2026-10-17",""
"2026-10-17","Sat, Oct 17","1","Pinterest","marketing/out/daily/pins/2026-10-17.jpg","Pet memorial gift made from a video of your dog","Upload a phone video of your pet. We use the sound (a bark, a purr, a happy sigh) to grow a botanical memorial print.","https://DOMAIN/pet-memorial-sound-art?utm_source=pinterest&utm_medium=social&utm_campaign=daily&utm_content=2026-10-17"
"2026-10-18","Sun, Oct 18","1","TikTok (+ Reels, Shorts)","marketing/out/daily/video/2026-10-18-moon.mp4","This is the moon tonight.","The moon tonight, October 18, 2026: first quarter, about 47% lit.

Somewhere, someone is getting engaged under this one. The Night Of draws the real moon for any date, ringed by the sound of your recording.

#moon #moonphase #thenightof #anniversarygift","Link in bio"
"2026-10-18","Sun, Oct 18","1","Facebook","marketing/out/daily/video/2026-10-18-moon.mp4 (post as a Reel)","","The moon tonight, October 18, 2026: first quarter, about 47% lit.

Somewhere, someone is getting engaged under this one. The Night Of draws the real moon for any date, ringed by the sound of your recording.

https://DOMAIN/create?utm_source=facebook&utm_medium=social&utm_campaign=daily&utm_content=2026-10-18",""
"2026-10-18","Sun, Oct 18","1","Pinterest","marketing/out/daily/pins/2026-10-18.jpg","Golden anniversary gift for grandparents","The real moon from the night they married, ringed by a recording of them telling the story. A gift they'll actually hang.","https://DOMAIN/anniversary-sound-wave-gift?utm_source=pinterest&utm_medium=social&utm_campaign=daily&utm_content=2026-10-18"
"2026-10-19","Mon, Oct 19","2","TikTok (+ Reels, Shorts)","marketing/out/daily/video/2026-10-19-moon.mp4","This is the moon tonight.","The moon tonight, October 19, 2026: first quarter, about 58% lit.

Every date has its own moon. This is today's. The Night Of draws the real moon for any date, ringed by the sound of your recording.

#moon #moonphase #thenightof #anniversarygift","Link in bio"
"2026-10-19","Mon, Oct 19","2","Facebook","marketing/out/images/carousel-voicemail-1.png → carousel-voicemail-4.png","","Carriers delete saved voicemails, and a new phone or a cancelled line can wipe them for good. Here's how to keep a copy, on iPhone and Android.

Save this, and send it to whoever needs it.

Make yours: https://DOMAIN/create?utm_source=facebook&utm_medium=social&utm_campaign=daily&utm_content=2026-10-19",""
"2026-10-19","Mon, Oct 19","2","Pinterest","marketing/out/daily/pins/2026-10-19.jpg","Proposal keepsake: the moon from the night you got engaged","Use the sound from your proposal video. We draw the moon from that night and ring it with the moment.","https://DOMAIN/create?utm_source=pinterest&utm_medium=social&utm_campaign=daily&utm_content=2026-10-19"
"2026-10-20","Tue, Oct 20","2","TikTok (+ Reels, Shorts)","marketing/out/daily/video/2026-10-20-list.mp4","Voicemails worth saving.","Voicemails worth saving.

1. A happy-birthday song
2. ""Call me back, love you""
3. ""Just checking in""
4. A message from a big day
5. One from someone far away

Save this for later. #voicemail #grief #keepsake","Link in bio"
"2026-10-20","Tue, Oct 20","2","Facebook","marketing/out/daily/video/2026-10-20-list.mp4 (post as a Reel)","","Voicemails worth saving.

1. A happy-birthday song
2. ""Call me back, love you""
3. ""Just checking in""
4. A message from a big day
5. One from someone far away

https://DOMAIN/create?utm_source=facebook&utm_medium=social&utm_campaign=daily&utm_content=2026-10-20",""
"2026-10-20","Tue, Oct 20","2","Pinterest","marketing/out/daily/pins/2026-10-20.jpg","Sentimental Christmas gift for Mom","A botanical print grown from a voice note, voicemail or video of the family. A Christmas gift with a story.","https://DOMAIN/create?utm_source=pinterest&utm_medium=social&utm_campaign=daily&utm_content=2026-10-20"
"2026-10-21","Wed, Oct 21","2","TikTok (+ Reels, Shorts)","marketing/out/video/video-01-voicemail-to-leaves.mp4","Don't delete that voicemail.","Don't delete that voicemail.

Save it, upload it, and we'll grow it into a botanical print. Every leaf is a moment of their voice.

#voicemail #grief #keepsake #personalizedgifts","Link in bio"
"2026-10-21","Wed, Oct 21","2","Facebook","marketing/out/video/video-01-voicemail-to-leaves.mp4 (post as a Reel)","","Don't delete that voicemail.

Save it, upload it, and we'll grow it into a botanical print. Every leaf is a moment of their voice.

https://DOMAIN/create?utm_source=facebook&utm_medium=social&utm_campaign=daily&utm_content=2026-10-21",""
"2026-10-21","Wed, Oct 21","2","Pinterest","marketing/out/daily/pins/2026-10-21.jpg","Romantic Christmas gift for your wife or husband","The moon from your first date, ringed by a recording only the two of you have. Framed and shipped.","https://DOMAIN/anniversary-sound-wave-gift?utm_source=pinterest&utm_medium=social&utm_campaign=daily&utm_content=2026-10-21"
"2026-10-22","Thu, Oct 22","2","TikTok (+ Reels, Shorts)","marketing/out/daily/video/2026-10-22-moon.mp4","This is the moon tonight.","The moon tonight, October 22, 2026: waxing gibbous, about 86% lit.

Make a memory tonight, and this is the moon it keeps. The Night Of draws the real moon for any date, ringed by the sound of your recording.

#moon #moonphase #thenightof #anniversarygift","Link in bio"
"2026-10-22","Thu, Oct 22","2","Facebook","marketing/out/daily/video/2026-10-22-moon.mp4 (post as a Reel)","","The moon tonight, October 22, 2026: waxing gibbous, about 86% lit.

Make a memory tonight, and this is the moon it keeps. The Night Of draws the real moon for any date, ringed by the sound of your recording.

https://DOMAIN/create?utm_source=facebook&utm_medium=social&utm_campaign=daily&utm_content=2026-10-22",""
"2026-10-22","Thu, Oct 22","2","Pinterest","marketing/out/daily/pins/2026-10-22.jpg","Long-distance relationship gift idea","The moon from the night you met, ringed by a voice note you sent each other. For the wall you both look at.","https://DOMAIN/create?utm_source=pinterest&utm_medium=social&utm_campaign=daily&utm_content=2026-10-22"
"2026-10-23","Fri, Oct 23","2","TikTok (+ Reels, Shorts)","marketing/out/daily/video/2026-10-23-pair.mp4","Which would you hang?","Which would you hang: A (Midnight) or B (Dawn)? Comment below.

Both are made from the sound of your own recording.

#wallart #homedecor #thisorthat #personalizedgifts","Link in bio"
"2026-10-23","Fri, Oct 23","2","Facebook","marketing/out/images/feed-02-voicemail.png","","For the voicemail you play when you need to hear them. Save it, upload it, and we'll grow it into a print you can keep. There's a quiet code on the print that plays it again.

Make yours: https://DOMAIN/create?utm_source=facebook&utm_medium=social&utm_campaign=daily&utm_content=2026-10-23",""
"2026-10-23","Fri, Oct 23","2","Pinterest","marketing/out/daily/pins/2026-10-23.jpg","First dance keepsake from the wedding video","Someone filmed your first dance from table six. We use its sound to make a print with the moon from your wedding night.","https://DOMAIN/wedding-vows-art?utm_source=pinterest&utm_medium=social&utm_campaign=daily&utm_content=2026-10-23"
"2026-10-24","Sat, Oct 24","2","TikTok (+ Reels, Shorts)","FILM: screen recording on a real iPhone","How to save a voicemail on iPhone in 10 seconds","How to save a voicemail on iPhone: Phone → Voicemail → tap the message → Share → Save to Files. That's it. Do it today; carriers delete them.

#voicemail #grief #keepsake #personalizedgifts","Link in bio"
"2026-10-24","Sat, Oct 24","2","Facebook","FILM: screen recording on a real iPhone","","How to save a voicemail on iPhone: Phone → Voicemail → tap the message → Share → Save to Files. That's it. Do it today; carriers delete them.

https://DOMAIN/create?utm_source=facebook&utm_medium=social&utm_campaign=daily&utm_content=2026-10-24",""
"2026-10-24","Sat, Oct 24","2","Pinterest","marketing/out/daily/pins/2026-10-24.jpg","How to save a voicemail before it's deleted (iPhone + Android)","Carriers delete saved voicemails, and a new phone can wipe them. Step-by-step: save it on iPhone or Android, then keep two copies.","https://DOMAIN/how-to-save-a-voicemail?utm_source=pinterest&utm_medium=social&utm_campaign=daily&utm_content=2026-10-24"
"2026-10-25","Sun, Oct 25","2","TikTok (+ Reels, Shorts)","marketing/out/daily/video/2026-10-25-moon.mp4","This is the moon tonight.","The moon tonight, October 25, 2026: full moon, about 100% lit.

If tonight becomes a night you remember, this is its moon forever. The Night Of draws the real moon for any date, ringed by the sound of your recording.

#moon #moonphase #thenightof #anniversarygift","Link in bio"
"2026-10-25","Sun, Oct 25","2","Facebook","marketing/out/daily/video/2026-10-25-moon.mp4 (post as a Reel)","","The moon tonight, October 25, 2026: full moon, about 100% lit.

If tonight becomes a night you remember, this is its moon forever. The Night Of draws the real moon for any date, ringed by the sound of your recording.

https://DOMAIN/create?utm_source=facebook&utm_medium=social&utm_campaign=daily&utm_content=2026-10-25",""
"2026-10-25","Sun, Oct 25","2","Pinterest","marketing/out/daily/pins/2026-10-25.jpg","Baby's first laugh keepsake from a phone video","The first laugh is gone in a week. Upload the video and we grow it into a botanical print.","https://DOMAIN/gifts/baby-first-laugh-soundwave-art?utm_source=pinterest&utm_medium=social&utm_campaign=daily&utm_content=2026-10-25"
"2026-10-26","Mon, Oct 26","3","TikTok (+ Reels, Shorts)","marketing/out/daily/video/2026-10-26-moon.mp4","This is the moon tonight.","The moon tonight, October 26, 2026: full moon, about 100% lit.

Somewhere, someone is getting engaged under this one. The Night Of draws the real moon for any date, ringed by the sound of your recording.

#moon #moonphase #thenightof #anniversarygift","Link in bio"
"2026-10-26","Mon, Oct 26","3","Facebook","marketing/out/images/feed-09-comment-your-date.png","","Comment the date you met, and we'll reply with the moon from that night, exactly as it was.

Make yours: https://DOMAIN/create?utm_source=facebook&utm_medium=social&utm_campaign=daily&utm_content=2026-10-26",""
"2026-10-26","Mon, Oct 26","3","Pinterest","marketing/out/daily/pins/2026-10-26.jpg","Sympathy gift idea: turn a saved voicemail into framed art","A gentle memorial keepsake made from the sound of a loved one's voicemail or voice note. Framed or print-only, shipped in the US.","https://DOMAIN/voicemail-memorial-art?utm_source=pinterest&utm_medium=social&utm_campaign=daily&utm_content=2026-10-26"
"2026-10-27","Tue, Oct 27","3","TikTok (+ Reels, Shorts)","marketing/out/daily/video/2026-10-27-list.mp4","Before you switch phones, save these.","Before you switch phones, save these.

1. Saved voicemails
2. Voice memos
3. Videos with their voice
4. WhatsApp voice notes
5. Snapchat Memories

Save this for later. #newphone #voicemail #techtips","Link in bio"
"2026-10-27","Tue, Oct 27","3","Facebook","marketing/out/daily/video/2026-10-27-list.mp4 (post as a Reel)","","Before you switch phones, save these.

1. Saved voicemails
2. Voice memos
3. Videos with their voice
4. WhatsApp voice notes
5. Snapchat Memories

https://DOMAIN/create?utm_source=facebook&utm_medium=social&utm_campaign=daily&utm_content=2026-10-27",""
"2026-10-27","Tue, Oct 27","3","Pinterest","marketing/out/daily/pins/2026-10-27.jpg","Wedding keepsake idea: your vows as a botanical print","Turn the audio of your wedding vows into a framed botanical print. A meaningful first-anniversary or wedding gift.","https://DOMAIN/wedding-vows-art?utm_source=pinterest&utm_medium=social&utm_campaign=daily&utm_content=2026-10-27"
"2026-10-28","Wed, Oct 28","3","TikTok (+ Reels, Shorts)","marketing/out/video/video-02-moon-on-your-date.mp4","What did the moon look like the night you met?","The moon changes every night. Yours was exactly this one.

The Night Of: the real moon for your date, ringed by the sound of your recording.

#moonphase #anniversarygift #thenightwemet #personalizedgifts","Link in bio"
"2026-10-28","Wed, Oct 28","3","Facebook","marketing/out/video/video-02-moon-on-your-date.mp4 (post as a Reel)","","The moon changes every night. Yours was exactly this one.

The Night Of: the real moon for your date, ringed by the sound of your recording.

https://DOMAIN/create?utm_source=facebook&utm_medium=social&utm_campaign=daily&utm_content=2026-10-28",""
"2026-10-28","Wed, Oct 28","3","Pinterest","marketing/out/daily/pins/2026-10-28.jpg","Paper anniversary gift idea for him or her","A personalized paper anniversary gift: your wedding date's real moon phase and your vows, framed or print-only.","https://DOMAIN/anniversary-sound-wave-gift?utm_source=pinterest&utm_medium=social&utm_campaign=daily&utm_content=2026-10-28"
"2026-10-29","Thu, Oct 29","3","TikTok (+ Reels, Shorts)","marketing/out/daily/video/2026-10-29-moon.mp4","This is the moon tonight.","The moon tonight, October 29, 2026: waning gibbous, about 88% lit.

Every date has its own moon. This is today's. The Night Of draws the real moon for any date, ringed by the sound of your recording.

#moon #moonphase #thenightof #anniversarygift","Link in bio"
"2026-10-29","Thu, Oct 29","3","Facebook","marketing/out/daily/video/2026-10-29-moon.mp4 (post as a Reel)","","The moon tonight, October 29, 2026: waning gibbous, about 88% lit.

Every date has its own moon. This is today's. The Night Of draws the real moon for any date, ringed by the sound of your recording.

https://DOMAIN/create?utm_source=facebook&utm_medium=social&utm_campaign=daily&utm_content=2026-10-29",""
"2026-10-29","Thu, Oct 29","3","Pinterest","marketing/out/daily/pins/2026-10-29.jpg","What did the moon look like the night you met? Anniversary print","Pick the date you met and we draw the moon exactly as it was, surrounded by the sound of your recording.","https://DOMAIN/anniversary-sound-wave-gift?utm_source=pinterest&utm_medium=social&utm_campaign=daily&utm_content=2026-10-29"
"2026-10-30","Fri, Oct 30","3","TikTok (+ Reels, Shorts)","marketing/out/daily/video/2026-10-30-pair.mp4","Which would you hang?","Which would you hang: A (Herbarium) or B (Cyanotype)? Comment below.

Both are made from the sound of your own recording.

#wallart #homedecor #thisorthat #personalizedgifts","Link in bio"
"2026-10-30","Fri, Oct 30","3","Facebook","marketing/out/images/feed-05-night-of.png","","The moon, exactly as it was that night. Phase computed for your date, ringed by the sound of your recording. Midnight, Dawn or Plum Night; framed or print-only.

Make yours: https://DOMAIN/create?utm_source=facebook&utm_medium=social&utm_campaign=daily&utm_content=2026-10-30",""
"2026-10-30","Fri, Oct 30","3","Pinterest","marketing/out/daily/pins/2026-10-30.jpg","Nursery wall art made from your baby's heartbeat","A keepsake for new parents: the first sound you heard of them, as framed nursery art.","https://DOMAIN/gifts/first-baby-heartbeat-soundwave-art?utm_source=pinterest&utm_medium=social&utm_campaign=daily&utm_content=2026-10-30"
"2026-10-31","Sat, Oct 31","3","TikTok (+ Reels, Shorts)","FILM: screen recording of the studio","Replying to your dates","You sent us your dates. Here's the moon from three of them.

#moonphase #anniversarygift #thenightwemet #personalizedgifts","Link in bio"
"2026-10-31","Sat, Oct 31","3","Facebook","FILM: screen recording of the studio","","You sent us your dates. Here's the moon from three of them.

https://DOMAIN/create?utm_source=facebook&utm_medium=social&utm_campaign=daily&utm_content=2026-10-31",""
"2026-10-31","Sat, Oct 31","3","Pinterest","marketing/out/daily/pins/2026-10-31.jpg","Dog memorial art from their bark or purr","A pet memorial keepsake made from your own video's sound, framed or print-only.","https://DOMAIN/pet-memorial-sound-art?utm_source=pinterest&utm_medium=social&utm_campaign=daily&utm_content=2026-10-31"
"2026-11-01","Sun, Nov 1","3","TikTok (+ Reels, Shorts)","marketing/out/daily/video/2026-11-01-moon.mp4","This is the moon tonight.","The moon tonight, November 1, 2026: last quarter, about 61% lit.

Make a memory tonight, and this is the moon it keeps. The Night Of draws the real moon for any date, ringed by the sound of your recording.

#moon #moonphase #thenightof #anniversarygift","Link in bio"
"2026-11-01","Sun, Nov 1","3","Facebook","marketing/out/daily/video/2026-11-01-moon.mp4 (post as a Reel)","","The moon tonight, November 1, 2026: last quarter, about 61% lit.

Make a memory tonight, and this is the moon it keeps. The Night Of draws the real moon for any date, ringed by the sound of your recording.

https://DOMAIN/create?utm_source=facebook&utm_medium=social&utm_campaign=daily&utm_content=2026-11-01",""
"2026-11-01","Sun, Nov 1","3","Pinterest","marketing/out/daily/pins/2026-11-01.jpg","Gift for grandparents: the moon from their wedding night","Record your grandparents telling how they met, and we'll ring the moon from their date with it.","https://DOMAIN/anniversary-sound-wave-gift?utm_source=pinterest&utm_medium=social&utm_campaign=daily&utm_content=2026-11-01"
"2026-11-02","Mon, Nov 2","4","TikTok (+ Reels, Shorts)","marketing/out/video/video-03-scan-it-hear-it.mp4","Scan it. Hear it again.","Scan it. Hear it again.

Every print can carry a small, tone-on-tone code that plays your recording from any phone camera. No app. Your vows, back in the room.

#weddingvows #paperanniversary #weddinggift #keepsake","Link in bio"
"2026-11-02","Mon, Nov 2","4","Facebook","marketing/out/video/video-03-scan-it-hear-it.mp4 (post as a Reel)","","Scan it. Hear it again.

Every print can carry a small, tone-on-tone code that plays your recording from any phone camera. No app. Your vows, back in the room.

https://DOMAIN/create?utm_source=facebook&utm_medium=social&utm_campaign=daily&utm_content=2026-11-02",""
"2026-11-02","Mon, Nov 2","4","Pinterest","marketing/out/daily/pins/2026-11-02.jpg","Engagement gift idea from the proposal video","An engagement keepsake made from the proposal clip on your phone, framed or print-only.","https://DOMAIN/create?utm_source=pinterest&utm_medium=social&utm_campaign=daily&utm_content=2026-11-02"
"2026-11-03","Tue, Nov 3","4","TikTok (+ Reels, Shorts)","marketing/out/daily/video/2026-11-03-list.mp4","Sounds from your wedding day you can keep.","Sounds from your wedding day you can keep.

1. Your vows
2. The speeches
3. The first dance
4. The toast that made everyone cry
5. The cheer when you walked in

Save this for later. #wedding #weddingvows #bride","Link in bio"
"2026-11-03","Tue, Nov 3","4","Facebook","marketing/out/daily/video/2026-11-03-list.mp4 (post as a Reel)","","Sounds from your wedding day you can keep.

1. Your vows
2. The speeches
3. The first dance
4. The toast that made everyone cry
5. The cheer when you walked in

https://DOMAIN/create?utm_source=facebook&utm_medium=social&utm_campaign=daily&utm_content=2026-11-03",""
"2026-11-03","Tue, Nov 3","4","Pinterest","marketing/out/daily/pins/2026-11-03.jpg","Meaningful gift for Mom from a voice note","Turn a recording of the kids, a family song or a voicemail into a framed keepsake for Mom.","https://DOMAIN/create?utm_source=pinterest&utm_medium=social&utm_campaign=daily&utm_content=2026-11-03"
"2026-11-04","Wed, Nov 4","4","TikTok (+ Reels, Shorts)","marketing/out/daily/video/2026-11-04-grow.mp4","Your recording, pressed like a flower.","Your recording, pressed like a flower. Each leaf's length is how loud that moment of the recording was, root to tip. Upload a voicemail, a voice note or a video, and we grow yours.

#herbarium #voicemail #keepsake #personalizedgifts","Link in bio"
"2026-11-04","Wed, Nov 4","4","Facebook","marketing/out/images/feed-03-transformation.png","","From a clip on your phone to a print on your wall. 01 your video, 02 its sound, 03 your print. We use the sound, not the footage.

Make yours: https://DOMAIN/create?utm_source=facebook&utm_medium=social&utm_campaign=daily&utm_content=2026-11-04",""
"2026-11-04","Wed, Nov 4","4","Pinterest","marketing/out/daily/pins/2026-11-04.jpg","Personalized gift for your partner: the moon from your first date","A romantic, personal gift: the real moon on your special date, made from your own recording.","https://DOMAIN/anniversary-sound-wave-gift?utm_source=pinterest&utm_medium=social&utm_campaign=daily&utm_content=2026-11-04"
"2026-11-05","Thu, Nov 5","4","TikTok (+ Reels, Shorts)","marketing/out/daily/video/2026-11-05-moon.mp4","This is the moon tonight.","The moon tonight, November 5, 2026: waning crescent, about 20% lit.

If tonight becomes a night you remember, this is its moon forever. The Night Of draws the real moon for any date, ringed by the sound of your recording.

#moon #moonphase #thenightof #anniversarygift","Link in bio"
"2026-11-05","Thu, Nov 5","4","Facebook","marketing/out/daily/video/2026-11-05-moon.mp4 (post as a Reel)","","The moon tonight, November 5, 2026: waning crescent, about 20% lit.

If tonight becomes a night you remember, this is its moon forever. The Night Of draws the real moon for any date, ringed by the sound of your recording.

https://DOMAIN/create?utm_source=facebook&utm_medium=social&utm_campaign=daily&utm_content=2026-11-05",""
"2026-11-05","Thu, Nov 5","4","Pinterest","marketing/out/daily/pins/2026-11-05.jpg","Gift for a long-distance boyfriend or girlfriend","A long-distance keepsake: your date's real moon and your own recording, framed.","https://DOMAIN/create?utm_source=pinterest&utm_medium=social&utm_campaign=daily&utm_content=2026-11-05"
"2026-11-06","Fri, Nov 6","4","TikTok (+ Reels, Shorts)","marketing/out/daily/video/2026-11-06-pair.mp4","Which would you hang?","Which would you hang: A (Plum Night) or B (Dawn)? Comment below.

Both are made from the sound of your own recording.

#wallart #homedecor #thisorthat #personalizedgifts","Link in bio"
"2026-11-06","Fri, Nov 6","4","Facebook","AI-3 composite (night-of-dawn, natural frame)","","Your vows from the wedding video, on the shelf where you'll see them every day.

Make yours: https://DOMAIN/create?utm_source=facebook&utm_medium=social&utm_campaign=daily&utm_content=2026-11-06",""
"2026-11-06","Fri, Nov 6","4","Pinterest","marketing/out/daily/pins/2026-11-06.jpg","Wedding gift idea: the first dance as art","Turn the first-dance clip on your phone into personalized wedding art.","https://DOMAIN/wedding-vows-art?utm_source=pinterest&utm_medium=social&utm_campaign=daily&utm_content=2026-11-06"
"2026-11-07","Sat, Nov 7","4","TikTok (+ Reels, Shorts)","marketing/out/daily/video/2026-11-07-list.mp4","How to record better audio on your phone.","How to record better audio on your phone.

1. Get close: an arm's length or less
2. Find the quietest room
3. Turn on airplane mode
4. Start recording a little early
5. Keep the original file

Save this for later. #phonetips #voicememo #howto","Link in bio"
"2026-11-07","Sat, Nov 7","4","Facebook","marketing/out/daily/video/2026-11-07-list.mp4 (post as a Reel)","","How to record better audio on your phone.

1. Get close: an arm's length or less
2. Find the quietest room
3. Turn on airplane mode
4. Start recording a little early
5. Keep the original file

https://DOMAIN/create?utm_source=facebook&utm_medium=social&utm_campaign=daily&utm_content=2026-11-07",""
"2026-11-07","Sat, Nov 7","4","Pinterest","marketing/out/daily/pins/2026-11-07.jpg","Don't lose that voicemail: how to save it","Our guide to exporting a voicemail from any phone, plus how to turn it into a keepsake when you're ready.","https://DOMAIN/how-to-save-a-voicemail?utm_source=pinterest&utm_medium=social&utm_campaign=daily&utm_content=2026-11-07"
"2026-11-08","Sun, Nov 8","4","TikTok (+ Reels, Shorts)","marketing/out/daily/video/2026-11-08-moon.mp4","This is the moon tonight.","The moon tonight, November 8, 2026: new moon, about 2% lit.

Somewhere, someone is getting engaged under this one. The Night Of draws the real moon for any date, ringed by the sound of your recording.

#moon #moonphase #thenightof #anniversarygift","Link in bio"
"2026-11-08","Sun, Nov 8","4","Facebook","marketing/out/daily/video/2026-11-08-moon.mp4 (post as a Reel)","","The moon tonight, November 8, 2026: new moon, about 2% lit.

Somewhere, someone is getting engaged under this one. The Night Of draws the real moon for any date, ringed by the sound of your recording.

https://DOMAIN/create?utm_source=facebook&utm_medium=social&utm_campaign=daily&utm_content=2026-11-08",""
"2026-11-08","Sun, Nov 8","4","Pinterest","marketing/out/daily/pins/2026-11-08.jpg","First birthday gift idea: their first laugh as art","A keepsake for baby's first year made from a laugh, a coo or a first word.","https://DOMAIN/gifts/baby-first-laugh-soundwave-art?utm_source=pinterest&utm_medium=social&utm_campaign=daily&utm_content=2026-11-08"
"2026-11-09","Mon, Nov 9","5","TikTok (+ Reels, Shorts)","marketing/out/daily/video/2026-11-09-moon.mp4","This is the moon tonight.","The moon tonight, November 9, 2026: new moon, about 0% lit.

Every date has its own moon. This is today's. The Night Of draws the real moon for any date, ringed by the sound of your recording.

#moon #moonphase #thenightof #anniversarygift","Link in bio"
"2026-11-09","Mon, Nov 9","5","Facebook","AI-5 composite (herbarium-blush, white frame)","","The first sound you heard of them. Upload the heartbeat from the scan video in your camera roll, and we grow it into a botanical print for the nursery.

Make yours: https://DOMAIN/create?utm_source=facebook&utm_medium=social&utm_campaign=daily&utm_content=2026-11-09",""
"2026-11-09","Mon, Nov 9","5","Pinterest","marketing/out/daily/pins/2026-11-09.jpg","Voicemail memorial gift: their voice as a botanical keepsake print","Upload a saved voicemail and we grow it into a botanical print: every leaf drawn from their voice. A small code on the print plays the message again.","https://DOMAIN/voicemail-memorial-art?utm_source=pinterest&utm_medium=social&utm_campaign=daily&utm_content=2026-11-09"
"2026-11-10","Tue, Nov 10","5","TikTok (+ Reels, Shorts)","marketing/out/daily/video/2026-11-10-list.mp4","The first anniversary is paper.","The first anniversary is paper.

1. A letter you write by hand
2. Your vows, printed
3. A map of where you met
4. Tickets from your first date
5. A print made from your wedding video

Save this for later. #paperanniversary #anniversarygift #firstanniversary","Link in bio"
"2026-11-10","Tue, Nov 10","5","Facebook","marketing/out/daily/video/2026-11-10-list.mp4 (post as a Reel)","","The first anniversary is paper.

1. A letter you write by hand
2. Your vows, printed
3. A map of where you met
4. Tickets from your first date
5. A print made from your wedding video

https://DOMAIN/create?utm_source=facebook&utm_medium=social&utm_campaign=daily&utm_content=2026-11-10",""
"2026-11-10","Tue, Nov 10","5","Pinterest","marketing/out/daily/pins/2026-11-10.jpg","Wedding vows art made from your wedding video","We use the sound of your vows from the wedding video (never the footage) to make one-of-a-kind wall art, with a code that plays them again.","https://DOMAIN/wedding-vows-art?utm_source=pinterest&utm_medium=social&utm_campaign=daily&utm_content=2026-11-10"
"2026-11-11","Wed, Nov 11","5","TikTok (+ Reels, Shorts)","FILM: text-on-screen over b-roll of your own phone","Sounds to record before they're grown","Sounds to record before they're grown: the first laugh, the made-up song, ""I love you"" said wrong, bedtime questions, the way they say your name.

#newparents #babyheartbeat #nurseryart #keepsake","Link in bio"
"2026-11-11","Wed, Nov 11","5","Facebook","FILM: text-on-screen over b-roll of your own phone","","Sounds to record before they're grown: the first laugh, the made-up song, ""I love you"" said wrong, bedtime questions, the way they say your name.

https://DOMAIN/create?utm_source=facebook&utm_medium=social&utm_campaign=daily&utm_content=2026-11-11",""
"2026-11-11","Wed, Nov 11","5","Pinterest","marketing/out/daily/pins/2026-11-11.jpg","First anniversary paper gift: the moon from your wedding night","The first anniversary is paper. This one is archival paper printed with the real moon from your wedding date, ringed by the sound of your vows.","https://DOMAIN/anniversary-sound-wave-gift?utm_source=pinterest&utm_medium=social&utm_campaign=daily&utm_content=2026-11-11"
"2026-11-12","Thu, Nov 12","5","TikTok (+ Reels, Shorts)","marketing/out/daily/video/2026-11-12-moon.mp4","This is the moon tonight.","The moon tonight, November 12, 2026: waxing crescent, about 7% lit.

Make a memory tonight, and this is the moon it keeps. The Night Of draws the real moon for any date, ringed by the sound of your recording.

#moon #moonphase #thenightof #anniversarygift","Link in bio"
"2026-11-12","Thu, Nov 12","5","Facebook","marketing/out/daily/video/2026-11-12-moon.mp4 (post as a Reel)","","The moon tonight, November 12, 2026: waxing crescent, about 7% lit.

Make a memory tonight, and this is the moon it keeps. The Night Of draws the real moon for any date, ringed by the sound of your recording.

https://DOMAIN/create?utm_source=facebook&utm_medium=social&utm_campaign=daily&utm_content=2026-11-12",""
"2026-11-12","Thu, Nov 12","5","Pinterest","marketing/out/daily/pins/2026-11-12.jpg","Moon phase anniversary gift: the night you met","The real moon phase for your date, ringed by a recording of your voices. A personalized anniversary print, framed and shipped.","https://DOMAIN/anniversary-sound-wave-gift?utm_source=pinterest&utm_medium=social&utm_campaign=daily&utm_content=2026-11-12"
"2026-11-13","Fri, Nov 13","5","TikTok (+ Reels, Shorts)","marketing/out/daily/video/2026-11-13-pair.mp4","Which would you hang?","Which would you hang: A (Blush) or B (Stone)? Comment below.

Both are made from the sound of your own recording.

#wallart #homedecor #thisorthat #personalizedgifts","Link in bio"
"2026-11-13","Fri, Nov 13","5","Facebook","marketing/out/images/feed-08-what-can-become-art.png","","A saved voicemail, wedding vows, a Snapchat memory, a baby's laugh, a dog's bark, Grandma singing. If it's on your phone and it has sound, it can become a print.

Make yours: https://DOMAIN/create?utm_source=facebook&utm_medium=social&utm_campaign=daily&utm_content=2026-11-13",""
"2026-11-13","Fri, Nov 13","5","Pinterest","marketing/out/daily/pins/2026-11-13.jpg","Baby heartbeat art from your ultrasound video","Upload the heartbeat from the scan video in your camera roll and we grow it into a botanical nursery print.","https://DOMAIN/gifts/first-baby-heartbeat-soundwave-art?utm_source=pinterest&utm_medium=social&utm_campaign=daily&utm_content=2026-11-13"
"2026-11-14","Sat, Nov 14","5","TikTok (+ Reels, Shorts)","marketing/out/daily/video/2026-11-14-list.mp4","Things to record this Thanksgiving.","Things to record this Thanksgiving.

1. The grace
2. The story told every year
3. The kids' table
4. Grandpa's laugh
5. ""How did you two meet?""

Save this for later. #thanksgiving #familystories #holidays","Link in bio"
"2026-11-14","Sat, Nov 14","5","Facebook","marketing/out/daily/video/2026-11-14-list.mp4 (post as a Reel)","","Things to record this Thanksgiving.

1. The grace
2. The story told every year
3. The kids' table
4. Grandpa's laugh
5. ""How did you two meet?""

https://DOMAIN/create?utm_source=facebook&utm_medium=social&utm_campaign=daily&utm_content=2026-11-14",""
"2026-11-14","Sat, Nov 14","5","Pinterest","marketing/out/daily/pins/2026-11-14.jpg","Pet memorial gift made from a video of your dog","Upload a phone video of your pet. We use the sound (a bark, a purr, a happy sigh) to grow a botanical memorial print.","https://DOMAIN/pet-memorial-sound-art?utm_source=pinterest&utm_medium=social&utm_campaign=daily&utm_content=2026-11-14"
"2026-11-15","Sun, Nov 15","5","TikTok (+ Reels, Shorts)","marketing/out/daily/video/2026-11-15-moon.mp4","This is the moon tonight.","The moon tonight, November 15, 2026: first quarter, about 31% lit.

If tonight becomes a night you remember, this is its moon forever. The Night Of draws the real moon for any date, ringed by the sound of your recording.

#moon #moonphase #thenightof #anniversarygift","Link in bio"
"2026-11-15","Sun, Nov 15","5","Facebook","marketing/out/daily/video/2026-11-15-moon.mp4 (post as a Reel)","","The moon tonight, November 15, 2026: first quarter, about 31% lit.

If tonight becomes a night you remember, this is its moon forever. The Night Of draws the real moon for any date, ringed by the sound of your recording.

https://DOMAIN/create?utm_source=facebook&utm_medium=social&utm_campaign=daily&utm_content=2026-11-15",""
"2026-11-15","Sun, Nov 15","5","Pinterest","marketing/out/daily/pins/2026-11-15.jpg","Golden anniversary gift for grandparents","The real moon from the night they married, ringed by a recording of them telling the story. A gift they'll actually hang.","https://DOMAIN/anniversary-sound-wave-gift?utm_source=pinterest&utm_medium=social&utm_campaign=daily&utm_content=2026-11-15"
"2026-11-16","Mon, Nov 16","6","TikTok (+ Reels, Shorts)","marketing/out/daily/video/2026-11-16-moon.mp4","This is the moon tonight.","The moon tonight, November 16, 2026: first quarter, about 42% lit.

Somewhere, someone is getting engaged under this one. The Night Of draws the real moon for any date, ringed by the sound of your recording.

#moon #moonphase #thenightof #anniversarygift","Link in bio"
"2026-11-16","Mon, Nov 16","6","Facebook","marketing/out/images/feed-07-gift-guide.png + AI-2, AI-6, AI-10 composites","","Gifts made from a sound you share.
For the anniversary: the moon from your night.
For the new parents: a heartbeat.
For the one who misses a voice: the voicemail they saved.

Make yours: https://DOMAIN/create?utm_source=facebook&utm_medium=social&utm_campaign=daily&utm_content=2026-11-16",""
"2026-11-16","Mon, Nov 16","6","Pinterest","marketing/out/daily/pins/2026-11-16.jpg","Proposal keepsake: the moon from the night you got engaged","Use the sound from your proposal video. We draw the moon from that night and ring it with the moment.","https://DOMAIN/create?utm_source=pinterest&utm_medium=social&utm_campaign=daily&utm_content=2026-11-16"
"2026-11-17","Tue, Nov 17","6","TikTok (+ Reels, Shorts)","marketing/out/daily/video/2026-11-17-list.mp4","Ways to save a voicemail before it's gone.","Ways to save a voicemail before it's gone.

1. iPhone: Share → Save to Files
2. Android: ⋮ → Share → Drive
3. Carrier app: Save or Export
4. Play on speaker, record it
5. Ask for voicemail-to-email

Save this for later. #voicemail #iphonetips #androidtips","Link in bio"
"2026-11-17","Tue, Nov 17","6","Facebook","marketing/out/daily/video/2026-11-17-list.mp4 (post as a Reel)","","Ways to save a voicemail before it's gone.

1. iPhone: Share → Save to Files
2. Android: ⋮ → Share → Drive
3. Carrier app: Save or Export
4. Play on speaker, record it
5. Ask for voicemail-to-email

https://DOMAIN/create?utm_source=facebook&utm_medium=social&utm_campaign=daily&utm_content=2026-11-17",""
"2026-11-17","Tue, Nov 17","6","Pinterest","marketing/out/daily/pins/2026-11-17.jpg","Sentimental Christmas gift for Mom","A botanical print grown from a voice note, voicemail or video of the family. A Christmas gift with a story.","https://DOMAIN/create?utm_source=pinterest&utm_medium=social&utm_campaign=daily&utm_content=2026-11-17"
"2026-11-18","Wed, Nov 18","6","TikTok (+ Reels, Shorts)","Best performer from weeks 1–5","(new hook in the first line of the caption)","Repost your best-performing Reel with a new caption hook aimed at gifting: ""The gift for the person who has everything except this.""

#giftideas #meaningfulgifts #personalizedgifts #christmasgifts","Link in bio"
"2026-11-18","Wed, Nov 18","6","Facebook","Best performer from weeks 1–5 (post as a Reel)","","Repost your best-performing Reel with a new caption hook aimed at gifting: ""The gift for the person who has everything except this.""

https://DOMAIN/create?utm_source=facebook&utm_medium=social&utm_campaign=daily&utm_content=2026-11-18",""
"2026-11-18","Wed, Nov 18","6","Pinterest","marketing/out/daily/pins/2026-11-18.jpg","Romantic Christmas gift for your wife or husband","The moon from your first date, ringed by a recording only the two of you have. Framed and shipped.","https://DOMAIN/anniversary-sound-wave-gift?utm_source=pinterest&utm_medium=social&utm_campaign=daily&utm_content=2026-11-18"
"2026-11-19","Thu, Nov 19","6","TikTok (+ Reels, Shorts)","marketing/out/daily/video/2026-11-19-moon.mp4","This is the moon tonight.","The moon tonight, November 19, 2026: waxing gibbous, about 73% lit.

Every date has its own moon. This is today's. The Night Of draws the real moon for any date, ringed by the sound of your recording.

#moon #moonphase #thenightof #anniversarygift","Link in bio"
"2026-11-19","Thu, Nov 19","6","Facebook","marketing/out/daily/video/2026-11-19-moon.mp4 (post as a Reel)","","The moon tonight, November 19, 2026: waxing gibbous, about 73% lit.

Every date has its own moon. This is today's. The Night Of draws the real moon for any date, ringed by the sound of your recording.

https://DOMAIN/create?utm_source=facebook&utm_medium=social&utm_campaign=daily&utm_content=2026-11-19",""
"2026-11-19","Thu, Nov 19","6","Pinterest","marketing/out/daily/pins/2026-11-19.jpg","Long-distance relationship gift idea","The moon from the night you met, ringed by a voice note you sent each other. For the wall you both look at.","https://DOMAIN/create?utm_source=pinterest&utm_medium=social&utm_campaign=daily&utm_content=2026-11-19"
"2026-11-20","Fri, Nov 20","6","TikTok (+ Reels, Shorts)","marketing/out/daily/video/2026-11-20-pair.mp4","Which would you hang?","Which would you hang: A (Midnight) or B (Herbarium)? Comment below.

Both are made from the sound of your own recording.

#wallart #homedecor #thisorthat #personalizedgifts","Link in bio"
"2026-11-20","Fri, Nov 20","6","Facebook","marketing/out/images/seasonal-holiday-cutoff.png","","Every print is made to order, so the holiday date is real: order framed prints by [DATE] for delivery before the 25th (US).

Make yours: https://DOMAIN/create?utm_source=facebook&utm_medium=social&utm_campaign=daily&utm_content=2026-11-20",""
"2026-11-20","Fri, Nov 20","6","Pinterest","marketing/out/daily/pins/2026-11-20.jpg","First dance keepsake from the wedding video","Someone filmed your first dance from table six. We use its sound to make a print with the moon from your wedding night.","https://DOMAIN/wedding-vows-art?utm_source=pinterest&utm_medium=social&utm_campaign=daily&utm_content=2026-11-20"
"2026-11-21","Sat, Nov 21","6","TikTok (+ Reels, Shorts)","marketing/out/daily/video/2026-11-21-list.mp4","Baby sounds that change fastest.","Baby sounds that change fastest.

1. The newborn cry
2. The first coos
3. The first laugh
4. Babbling conversations
5. The first word

Save this for later. #babyfirsts #newborn #newparents","Link in bio"
"2026-11-21","Sat, Nov 21","6","Facebook","marketing/out/daily/video/2026-11-21-list.mp4 (post as a Reel)","","Baby sounds that change fastest.

1. The newborn cry
2. The first coos
3. The first laugh
4. Babbling conversations
5. The first word

https://DOMAIN/create?utm_source=facebook&utm_medium=social&utm_campaign=daily&utm_content=2026-11-21",""
"2026-11-21","Sat, Nov 21","6","Pinterest","marketing/out/daily/pins/2026-11-21.jpg","How to save a voicemail before it's deleted (iPhone + Android)","Carriers delete saved voicemails, and a new phone can wipe them. Step-by-step: save it on iPhone or Android, then keep two copies.","https://DOMAIN/how-to-save-a-voicemail?utm_source=pinterest&utm_medium=social&utm_campaign=daily&utm_content=2026-11-21"
"2026-11-22","Sun, Nov 22","6","TikTok (+ Reels, Shorts)","marketing/out/daily/video/2026-11-22-moon.mp4","This is the moon tonight.","The moon tonight, November 22, 2026: waxing gibbous, about 95% lit.

Make a memory tonight, and this is the moon it keeps. The Night Of draws the real moon for any date, ringed by the sound of your recording.

#moon #moonphase #thenightof #anniversarygift","Link in bio"
"2026-11-22","Sun, Nov 22","6","Facebook","marketing/out/daily/video/2026-11-22-moon.mp4 (post as a Reel)","","The moon tonight, November 22, 2026: waxing gibbous, about 95% lit.

Make a memory tonight, and this is the moon it keeps. The Night Of draws the real moon for any date, ringed by the sound of your recording.

https://DOMAIN/create?utm_source=facebook&utm_medium=social&utm_campaign=daily&utm_content=2026-11-22",""
"2026-11-22","Sun, Nov 22","6","Pinterest","marketing/out/daily/pins/2026-11-22.jpg","Baby's first laugh keepsake from a phone video","The first laugh is gone in a week. Upload the video and we grow it into a botanical print.","https://DOMAIN/gifts/baby-first-laugh-soundwave-art?utm_source=pinterest&utm_medium=social&utm_campaign=daily&utm_content=2026-11-22"
"2026-11-23","Mon, Nov 23","7","TikTok (+ Reels, Shorts)","marketing/out/daily/video/2026-11-23-moon.mp4","This is the moon tonight.","The moon tonight, November 23, 2026: full moon, about 98% lit.

If tonight becomes a night you remember, this is its moon forever. The Night Of draws the real moon for any date, ringed by the sound of your recording.

#moon #moonphase #thenightof #anniversarygift","Link in bio"
"2026-11-23","Mon, Nov 23","7","Facebook","marketing/out/daily/video/2026-11-23-moon.mp4 (post as a Reel)","","The moon tonight, November 23, 2026: full moon, about 98% lit.

If tonight becomes a night you remember, this is its moon forever. The Night Of draws the real moon for any date, ringed by the sound of your recording.

https://DOMAIN/create?utm_source=facebook&utm_medium=social&utm_campaign=daily&utm_content=2026-11-23",""
"2026-11-23","Mon, Nov 23","7","Pinterest","marketing/out/daily/pins/2026-11-23.jpg","Sympathy gift idea: turn a saved voicemail into framed art","A gentle memorial keepsake made from the sound of a loved one's voicemail or voice note. Framed or print-only, shipped in the US.","https://DOMAIN/voicemail-memorial-art?utm_source=pinterest&utm_medium=social&utm_campaign=daily&utm_content=2026-11-23"
"2026-11-24","Tue, Nov 24","7","TikTok (+ Reels, Shorts)","FILM: a phone on a dinner table, Voice Memos recording","Do this at Thanksgiving","Do this at Thanksgiving: set your phone on the table, hit record, and ask ""How did you two meet?"" You'll be so glad you have it.

#keepsake #wallart #personalizedgifts #soundart","Link in bio"
"2026-11-24","Tue, Nov 24","7","Facebook","FILM: a phone on a dinner table, Voice Memos recording","","Do this at Thanksgiving: set your phone on the table, hit record, and ask ""How did you two meet?"" You'll be so glad you have it.

https://DOMAIN/create?utm_source=facebook&utm_medium=social&utm_campaign=daily&utm_content=2026-11-24",""
"2026-11-24","Tue, Nov 24","7","Pinterest","marketing/out/daily/pins/2026-11-24.jpg","Wedding keepsake idea: your vows as a botanical print","Turn the audio of your wedding vows into a framed botanical print. A meaningful first-anniversary or wedding gift.","https://DOMAIN/wedding-vows-art?utm_source=pinterest&utm_medium=social&utm_campaign=daily&utm_content=2026-11-24"
"2026-11-25","Wed, Nov 25","7","TikTok (+ Reels, Shorts)","marketing/out/daily/video/2026-11-25-grow.mp4","The quiet moments grow the shortest leaves.","The quiet moments grow the shortest leaves. Each leaf's length is how loud that moment of the recording was, root to tip. Upload a voicemail, a voice note or a video, and we grow yours.

#herbarium #voicemail #keepsake #personalizedgifts","Link in bio"
"2026-11-25","Wed, Nov 25","7","Facebook","marketing/out/daily/video/2026-11-25-grow.mp4 (post as a Reel)","","The quiet moments grow the shortest leaves. Each leaf's length is how loud that moment of the recording was, root to tip. Upload a voicemail, a voice note or a video, and we grow yours.

https://DOMAIN/create?utm_source=facebook&utm_medium=social&utm_campaign=daily&utm_content=2026-11-25",""
"2026-11-25","Wed, Nov 25","7","Pinterest","marketing/out/daily/pins/2026-11-25.jpg","Paper anniversary gift idea for him or her","A personalized paper anniversary gift: your wedding date's real moon phase and your vows, framed or print-only.","https://DOMAIN/anniversary-sound-wave-gift?utm_source=pinterest&utm_medium=social&utm_campaign=daily&utm_content=2026-11-25"
"2026-11-26","Thu, Nov 26","7","TikTok (+ Reels, Shorts)","marketing/out/daily/video/2026-11-26-moon.mp4","This is the moon tonight.","The moon tonight, November 26, 2026: full moon, about 96% lit.

Somewhere, someone is getting engaged under this one. The Night Of draws the real moon for any date, ringed by the sound of your recording.

#moon #moonphase #thenightof #anniversarygift","Link in bio"
"2026-11-26","Thu, Nov 26","7","Facebook","marketing/out/daily/video/2026-11-26-moon.mp4 (post as a Reel)","","The moon tonight, November 26, 2026: full moon, about 96% lit.

Somewhere, someone is getting engaged under this one. The Night Of draws the real moon for any date, ringed by the sound of your recording.

https://DOMAIN/create?utm_source=facebook&utm_medium=social&utm_campaign=daily&utm_content=2026-11-26",""
"2026-11-26","Thu, Nov 26","7","Pinterest","marketing/out/daily/pins/2026-11-26.jpg","What did the moon look like the night you met? Anniversary print","Pick the date you met and we draw the moon exactly as it was, surrounded by the sound of your recording.","https://DOMAIN/anniversary-sound-wave-gift?utm_source=pinterest&utm_medium=social&utm_campaign=daily&utm_content=2026-11-26"
"2026-11-27","Fri, Nov 27","7","TikTok (+ Reels, Shorts)","marketing/out/daily/video/2026-11-27-pair.mp4","Which would you hang?","Which would you hang: A (Plum Night) or B (Blush)? Comment below.

Both are made from the sound of your own recording.

#wallart #homedecor #thisorthat #personalizedgifts","Link in bio"
"2026-11-27","Fri, Nov 27","7","Facebook","marketing/out/images/ad-01-voice.png","","Keep their voice where you can see it. Upload a saved voicemail or voice note, and we grow it into a botanical print you can frame.

Make yours: https://DOMAIN/create?utm_source=facebook&utm_medium=social&utm_campaign=daily&utm_content=2026-11-27",""
"2026-11-27","Fri, Nov 27","7","Pinterest","marketing/out/daily/pins/2026-11-27.jpg","Nursery wall art made from your baby's heartbeat","A keepsake for new parents: the first sound you heard of them, as framed nursery art.","https://DOMAIN/gifts/first-baby-heartbeat-soundwave-art?utm_source=pinterest&utm_medium=social&utm_campaign=daily&utm_content=2026-11-27"
"2026-11-28","Sat, Nov 28","7","TikTok (+ Reels, Shorts)","FILM: you, talking to camera (or voice-over)","Why I started Afterhum","Small Business Saturday. Here's why Afterhum exists.

#keepsake #wallart #personalizedgifts #soundart","Link in bio"
"2026-11-28","Sat, Nov 28","7","Facebook","FILM: you, talking to camera (or voice-over)","","Small Business Saturday. Here's why Afterhum exists.

https://DOMAIN/create?utm_source=facebook&utm_medium=social&utm_campaign=daily&utm_content=2026-11-28",""
"2026-11-28","Sat, Nov 28","7","Pinterest","marketing/out/daily/pins/2026-11-28.jpg","Dog memorial art from their bark or purr","A pet memorial keepsake made from your own video's sound, framed or print-only.","https://DOMAIN/pet-memorial-sound-art?utm_source=pinterest&utm_medium=social&utm_campaign=daily&utm_content=2026-11-28"
"2026-11-29","Sun, Nov 29","7","TikTok (+ Reels, Shorts)","marketing/out/daily/video/2026-11-29-moon.mp4","This is the moon tonight.","The moon tonight, November 29, 2026: waning gibbous, about 76% lit.

Every date has its own moon. This is today's. The Night Of draws the real moon for any date, ringed by the sound of your recording.

#moon #moonphase #thenightof #anniversarygift","Link in bio"
"2026-11-29","Sun, Nov 29","7","Facebook","marketing/out/daily/video/2026-11-29-moon.mp4 (post as a Reel)","","The moon tonight, November 29, 2026: waning gibbous, about 76% lit.

Every date has its own moon. This is today's. The Night Of draws the real moon for any date, ringed by the sound of your recording.

https://DOMAIN/create?utm_source=facebook&utm_medium=social&utm_campaign=daily&utm_content=2026-11-29",""
"2026-11-29","Sun, Nov 29","7","Pinterest","marketing/out/daily/pins/2026-11-29.jpg","Gift for grandparents: the moon from their wedding night","Record your grandparents telling how they met, and we'll ring the moon from their date with it.","https://DOMAIN/anniversary-sound-wave-gift?utm_source=pinterest&utm_medium=social&utm_campaign=daily&utm_content=2026-11-29"
"2026-11-30","Mon, Nov 30","8","TikTok (+ Reels, Shorts)","marketing/out/video/vertical-herbarium.mp4 or the best performer","Last week for framed prints.","Last call for the holidays: order framed prints by [DATE] for delivery before the 25th (US). Every one is made to order.

#giftideas #meaningfulgifts #personalizedgifts #christmasgifts","Link in bio"
"2026-11-30","Mon, Nov 30","8","Facebook","marketing/out/video/vertical-herbarium.mp4 or the best performer (post as a Reel)","","Last call for the holidays: order framed prints by [DATE] for delivery before the 25th (US). Every one is made to order.

https://DOMAIN/create?utm_source=facebook&utm_medium=social&utm_campaign=daily&utm_content=2026-11-30",""
"2026-11-30","Mon, Nov 30","8","Pinterest","marketing/out/daily/pins/2026-11-30.jpg","Engagement gift idea from the proposal video","An engagement keepsake made from the proposal clip on your phone, framed or print-only.","https://DOMAIN/create?utm_source=pinterest&utm_medium=social&utm_campaign=daily&utm_content=2026-11-30"
"2026-12-01","Tue, Dec 1","8","TikTok (+ Reels, Shorts)","marketing/out/daily/video/2026-12-01-list.mp4","Don't wait to record.","Don't wait to record.

1. Your parents' voices
2. Your grandparents' stories
3. Your kids' small voices
4. Your friends' best toast
5. Your own voice, for them

Save this for later. #keepsake #family #memories","Link in bio"
"2026-12-01","Tue, Dec 1","8","Facebook","marketing/out/daily/video/2026-12-01-list.mp4 (post as a Reel)","","Don't wait to record.

1. Your parents' voices
2. Your grandparents' stories
3. Your kids' small voices
4. Your friends' best toast
5. Your own voice, for them

https://DOMAIN/create?utm_source=facebook&utm_medium=social&utm_campaign=daily&utm_content=2026-12-01",""
"2026-12-01","Tue, Dec 1","8","Pinterest","marketing/out/daily/pins/2026-12-01.jpg","Meaningful gift for Mom from a voice note","Turn a recording of the kids, a family song or a voicemail into a framed keepsake for Mom.","https://DOMAIN/create?utm_source=pinterest&utm_medium=social&utm_campaign=daily&utm_content=2026-12-01"
"2026-12-02","Wed, Dec 2","8","TikTok (+ Reels, Shorts)","marketing/out/daily/video/2026-12-02-grow.mp4","No two of these are alike.","No two of these are alike. Each leaf's length is how loud that moment of the recording was, root to tip. Upload a voicemail, a voice note or a video, and we grow yours.

#herbarium #voicemail #keepsake #personalizedgifts","Link in bio"
"2026-12-02","Wed, Dec 2","8","Facebook","marketing/out/images/seasonal-holiday-cutoff.png","","One week left to order framed prints for Christmas delivery. Print-only orders ship faster.

Make yours: https://DOMAIN/create?utm_source=facebook&utm_medium=social&utm_campaign=daily&utm_content=2026-12-02",""
"2026-12-02","Wed, Dec 2","8","Pinterest","marketing/out/daily/pins/2026-12-02.jpg","Personalized gift for your partner: the moon from your first date","A romantic, personal gift: the real moon on your special date, made from your own recording.","https://DOMAIN/anniversary-sound-wave-gift?utm_source=pinterest&utm_medium=social&utm_campaign=daily&utm_content=2026-12-02"
"2026-12-03","Thu, Dec 3","8","TikTok (+ Reels, Shorts)","marketing/out/daily/video/2026-12-03-moon.mp4","This is the moon tonight.","The moon tonight, December 3, 2026: last quarter, about 35% lit.

Make a memory tonight, and this is the moon it keeps. The Night Of draws the real moon for any date, ringed by the sound of your recording.

#moon #moonphase #thenightof #anniversarygift","Link in bio"
"2026-12-03","Thu, Dec 3","8","Facebook","marketing/out/daily/video/2026-12-03-moon.mp4 (post as a Reel)","","The moon tonight, December 3, 2026: last quarter, about 35% lit.

Make a memory tonight, and this is the moon it keeps. The Night Of draws the real moon for any date, ringed by the sound of your recording.

https://DOMAIN/create?utm_source=facebook&utm_medium=social&utm_campaign=daily&utm_content=2026-12-03",""
"2026-12-03","Thu, Dec 3","8","Pinterest","marketing/out/daily/pins/2026-12-03.jpg","Gift for a long-distance boyfriend or girlfriend","A long-distance keepsake: your date's real moon and your own recording, framed.","https://DOMAIN/create?utm_source=pinterest&utm_medium=social&utm_campaign=daily&utm_content=2026-12-03"
"2026-12-04","Fri, Dec 4","8","TikTok (+ Reels, Shorts)","marketing/out/daily/video/2026-12-04-pair.mp4","Which would you hang?","Which would you hang: A (Cyanotype) or B (Midnight)? Comment below.

Both are made from the sound of your own recording.

#wallart #homedecor #thisorthat #personalizedgifts","Link in bio"
"2026-12-04","Fri, Dec 4","8","Facebook","marketing/out/daily/video/2026-12-04-pair.mp4 (post as a Reel)","","Which would you hang: A (Cyanotype) or B (Midnight)? Comment below.

Both are made from the sound of your own recording.

https://DOMAIN/create?utm_source=facebook&utm_medium=social&utm_campaign=daily&utm_content=2026-12-04",""
"2026-12-04","Fri, Dec 4","8","Pinterest","marketing/out/daily/pins/2026-12-04.jpg","Wedding gift idea: the first dance as art","Turn the first-dance clip on your phone into personalized wedding art.","https://DOMAIN/wedding-vows-art?utm_source=pinterest&utm_medium=social&utm_campaign=daily&utm_content=2026-12-04"
"2026-12-05","Sat, Dec 5","8","TikTok (+ Reels, Shorts)","marketing/out/daily/video/2026-12-05-list.mp4","Long-distance love, kept.","Long-distance love, kept.

1. A voice note before bed
2. The moon on the night you met
3. Letters, actually posted
4. The song you both play
5. A date to count down to

Save this for later. #longdistance #ldr #couplegoals","Link in bio"
"2026-12-05","Sat, Dec 5","8","Facebook","marketing/out/daily/video/2026-12-05-list.mp4 (post as a Reel)","","Long-distance love, kept.

1. A voice note before bed
2. The moon on the night you met
3. Letters, actually posted
4. The song you both play
5. A date to count down to

https://DOMAIN/create?utm_source=facebook&utm_medium=social&utm_campaign=daily&utm_content=2026-12-05",""
"2026-12-05","Sat, Dec 5","8","Pinterest","marketing/out/daily/pins/2026-12-05.jpg","Don't lose that voicemail: how to save it","Our guide to exporting a voicemail from any phone, plus how to turn it into a keepsake when you're ready.","https://DOMAIN/how-to-save-a-voicemail?utm_source=pinterest&utm_medium=social&utm_campaign=daily&utm_content=2026-12-05"
"2026-12-06","Sun, Dec 6","8","TikTok (+ Reels, Shorts)","marketing/out/daily/video/2026-12-06-moon.mp4","This is the moon tonight.","The moon tonight, December 6, 2026: waning crescent, about 10% lit.

If tonight becomes a night you remember, this is its moon forever. The Night Of draws the real moon for any date, ringed by the sound of your recording.

#moon #moonphase #thenightof #anniversarygift","Link in bio"
"2026-12-06","Sun, Dec 6","8","Facebook","marketing/out/daily/video/2026-12-06-moon.mp4 (post as a Reel)","","The moon tonight, December 6, 2026: waning crescent, about 10% lit.

If tonight becomes a night you remember, this is its moon forever. The Night Of draws the real moon for any date, ringed by the sound of your recording.

https://DOMAIN/create?utm_source=facebook&utm_medium=social&utm_campaign=daily&utm_content=2026-12-06",""
"2026-12-06","Sun, Dec 6","8","Pinterest","marketing/out/daily/pins/2026-12-06.jpg","First birthday gift idea: their first laugh as art","A keepsake for baby's first year made from a laugh, a coo or a first word.","https://DOMAIN/gifts/baby-first-laugh-soundwave-art?utm_source=pinterest&utm_medium=social&utm_campaign=daily&utm_content=2026-12-06"
